model,setting,horizon,station,MAE,RMSE,R2,MAPE,spike_MAE,spike_RMSE,spike_recall,n,n_spike
gru,global,1,Aotizhongxin,9.722745929539368,17.77845617479101,0.9604693987004347,0.16823007433660217,14.705676165494053,24.252163386734978,0.9386989157631359,5808,2398
gru,global,1,Changping,9.564835662684164,17.59266099401357,0.9486670039179065,0.18786869716516402,15.645049413045248,25.60051653705413,0.928928928928929,5808,1998
gru,global,1,Dingling,8.491403383985366,16.83903138851314,0.9554731943935543,0.17985549128824277,14.071012616342543,24.460277299257598,0.9441282979824107,5808,1933
gru,global,1,Dongsi,10.655348455281954,20.768225853816077,0.9547381023226134,0.15830964623019864,15.495124832681466,25.82617578253623,0.952972159518435,5808,2658
gru,global,1,Guanyuan,10.627210475196524,19.399535798897542,0.9553406342884406,0.17464895168666278,15.37503543774691,24.99755724237836,0.9468126710989441,5808,2557
gru,global,1,Gucheng,10.262492103681748,19.785671605561497,0.9575562262836638,0.16824855257537735,15.379517462455105,26.231887961178153,0.9381977671451356,5808,2508
gru,global,1,Huairou,8.20179734873706,17.28319283275896,0.9449866342732895,0.16700490058956213,13.442584752192326,24.979462142424183,0.9458775923115832,5808,1977
gru,global,1,Nongzhanguan,9.875646218123844,18.106187937253136,0.9634247090727743,0.16429551140165566,14.72373525846736,24.489087740922248,0.9450461291616526,5808,2493
gru,global,1,Shunyi,9.325973183655542,17.976966289878405,0.9581665756894804,0.1608768565048732,14.77420910607652,24.550832845629454,0.9447561501942167,5808,2317
gru,global,1,Tiantan,9.782853257885977,17.463358990628453,0.9625969144839406,0.1717125339013126,13.723478148668216,21.924300306310258,0.9393075356415479,5808,2455
gru,global,1,Wanliu,9.392657941366359,17.6390577143023,0.9592376208541233,0.1699887731913305,13.594030254586524,22.029586974025378,0.9454469156525388,5808,2383
gru,global,1,Wanshouxigong,10.4303789224178,21.691345551510246,0.9516744008983603,0.16610346630990097,15.06860253529519,25.101060378640323,0.9448757763975155,5808,2576
gru,global,6,Aotizhongxin,31.52332142881334,52.54739064736537,0.6548754291874452,0.6399232917376432,43.36297315672301,62.74565107217054,0.7981651376146789,5803,2398
gru,global,6,Changping,26.325690983863158,46.363066361931274,0.6436062177510544,0.6393292281946985,38.329767687304006,57.03571061757155,0.8193193193193193,5803,1998
gru,global,6,Dingling,27.479737483775146,46.79609896069689,0.6562489650487063,0.6383753951874667,41.26668309203344,58.12341455483201,0.7961717537506466,5803,1933
gru,global,6,Dongsi,35.5110974670915,58.799939050805065,0.6373920194913723,0.6767537213602193,44.9893923229163,66.19867349251902,0.882994732881866,5803,2658
gru,global,6,Guanyuan,33.413771146662214,54.71642536304431,0.6449277802234588,0.6787504244785095,43.10053834553384,61.75929873327012,0.8639030113414157,5803,2557
gru,global,6,Gucheng,33.81353573862405,57.5448200457422,0.6411731443650728,0.6895018080116071,45.25720248914411,68.10358151882915,0.8213716108452951,5803,2508
gru,global,6,Huairou,25.04963850461469,42.788388989746956,0.6630240700522761,0.5238944430098831,39.268483171091574,55.75498730630346,0.7824987354577643,5803,1977
gru,global,6,Nongzhanguan,33.82593680997563,55.66112065470119,0.6545408355712348,0.6383314143597755,45.59108659917936,65.55547565383135,0.8383473726434015,5803,2493
gru,global,6,Shunyi,30.176222145649845,51.75342670812479,0.6535761477419577,0.5559568767191218,44.64425900298901,66.70775323286398,0.808041504539559,5803,2313
gru,global,6,Tiantan,31.682848241931914,52.06571313580395,0.6677220018671072,0.6269779479082009,43.26737043765315,61.6754706651584,0.8142566191446029,5803,2455
gru,global,6,Wanliu,32.3378641107833,52.955799386593746,0.6328101191089723,0.6287217042061176,44.15334311744219,62.77843178414881,0.8052874527906001,5803,2383
gru,global,6,Wanshouxigong,34.467164911444016,58.00994988884843,0.6545817376538856,0.6793005377227588,45.62053586681437,68.30415862541902,0.8396739130434783,5803,2576
gru,multi,1,Aotizhongxin,9.461326865125294,16.372769622162824,0.9664733908562051,0.17313947304867955,13.529218446224109,22.0706013952039,0.9532944120100083,5808,2398
gru,multi,1,Changping,9.768403215513413,17.13043155278963,0.9513290130843495,0.20629138924675827,15.072029136680626,24.564923634282525,0.9384384384384384,5808,1998
gru,multi,1,Dingling,9.376987591262692,17.459434514332262,0.9521317364503793,0.2015408893525497,15.134336847501658,25.221984714351038,0.9456802897051215,5808,1933
gru,multi,1,Dongsi,10.23461992484479,19.312060319872337,0.9608626712062169,0.1501197542011404,14.801385919701524,23.857570061489255,0.952972159518435,5808,2658
gru,multi,1,Guanyuan,10.00871716517719,18.054912376795563,0.9613169557441645,0.164841876936732,14.283246787395335,22.96327899565977,0.9503324208056316,5808,2557
gru,multi,1,Gucheng,9.745114700853332,18.443599053860876,0.9631189104696543,0.16629765521734502,14.09739206852525,24.059031546834547,0.9497607655502392,5808,2508
gru,multi,1,Huairou,8.118469971927402,16.454810287076103,0.9501338287626422,0.17014671791322192,12.975076388878598,23.579948713929802,0.9327263530601922,5808,1977
gru,multi,1,Nongzhanguan,9.315413741697622,16.72744282791107,0.9687828788499987,0.15235889574460673,13.93093912313609,22.874347434733306,0.9422382671480144,5808,2493
gru,multi,1,Shunyi,9.566629086644197,17.399693952294964,0.9608101296828698,0.1675019152534439,14.83547781004595,23.58588284401032,0.9559775571860164,5808,2317
gru,multi,1,Tiantan,9.555090960720682,16.081843241559035,0.9682807057614344,0.16860035992637076,13.218890798844534,20.388684528345355,0.9494908350305499,5808,2455
gru,multi,1,Wanliu,9.086931631256398,16.316179751032784,0.9651224697463052,0.16952005726272457,12.73933470034069,20.082115330502763,0.9576164498531263,5808,2383
gru,multi,1,Wanshouxigong,9.844793424790227,19.981499877233198,0.9589927703511093,0.15283469857492832,14.389016949612161,23.59376305759242,0.9541925465838509,5808,2576
gru,multi,6,Aotizhongxin,29.318159514576244,48.94052208141691,0.7006282849793335,0.5736190060786891,40.662800153361644,59.68935301852386,0.8640533778148457,5803,2398
gru,multi,6,Changping,24.864914017998924,44.121841106052806,0.6772300700887008,0.6109005270391487,35.8630233665367,52.95752528950303,0.8713713713713713,5803,1998
gru,multi,6,Dingling,25.092297688283203,45.17756653502248,0.6796163230657644,0.583365964576867,37.241369844408034,54.92589160400622,0.8396275219865494,5803,1933
gru,multi,6,Dongsi,32.622729798257296,55.04949166153217,0.6821734071629098,0.5694053354288928,44.09229282008875,65.29603537090675,0.863431151241535,5803,2658
gru,multi,6,Guanyuan,30.153537857394866,50.379383277550566,0.6989858200160256,0.547353446650538,41.93378050158534,60.943636655509444,0.8420023464998044,5803,2557
gru,multi,6,Gucheng,30.446334136142497,53.5917738200775,0.6887791169397786,0.5766332731818276,43.049750662686534,66.08513803778526,0.8425039872408293,5803,2508
gru,multi,6,Huairou,22.785074420372165,38.4979131604126,0.7272144338074489,0.47764054715828513,35.4073616128168,50.79734723745479,0.8492665655032878,5803,1977
gru,multi,6,Nongzhanguan,29.867859665040577,50.33063964869774,0.7175394983935961,0.503809309498251,44.10775363889986,64.64827959975214,0.8223024468511834,5803,2493
gru,multi,6,Shunyi,28.874213219839355,48.430264739991436,0.6966365521632509,0.5225193854733178,43.186558856626014,64.44307374808515,0.8478166882836143,5803,2313
gru,multi,6,Tiantan,29.41301294090459,48.80628992580259,0.7080224004573107,0.5538299905956736,41.13792387113552,60.92311742253608,0.8484725050916497,5803,2455
gru,multi,6,Wanliu,29.401371745021308,48.638895221064864,0.6902359231297032,0.5609413204004622,40.101841765294495,57.9857802521596,0.8766261015526647,5803,2383
gru,multi,6,Wanshouxigong,32.14397162937531,54.62065050074991,0.6937655462951702,0.5678622254782011,45.62213040138624,68.70534596684672,0.8408385093167702,5803,2576
linear,global,1,Aotizhongxin,10.435650436674596,18.393503006504158,0.9576869603718834,0.20074484178414176,14.773169079256416,24.302471201021355,0.9478732276897415,5808,2398
linear,global,1,Changping,10.246127107583458,18.548757768131853,0.9429358694956869,0.22323918755986236,15.634145284200216,26.05550795218424,0.9359359359359359,5808,1998
linear,global,1,Dingling,9.222886202420742,17.18892195371006,0.9536035656031263,0.2114086474382108,13.82418758710061,23.748028922160017,0.9524055871702017,5808,1933
linear,global,1,Dongsi,11.242604913790364,21.296076932807967,0.9524080854235738,0.18619144512704083,15.37153486276229,26.035708603802487,0.9620015048908954,5808,2658
linear,global,1,Guanyuan,11.119754501610748,19.973803270973338,0.9526574757227193,0.20762275869957195,15.042069819647677,24.84785062810325,0.9522878373093469,5808,2557
linear,global,1,Gucheng,10.74058624929633,20.224076290913857,0.9556544763964802,0.195039155447454,14.636917489947695,25.155496351469264,0.94896331738437,5808,2508
linear,global,1,Huairou,8.723562434356731,17.83512870394486,0.9414168445392604,0.19006306493405026,13.07861973748523,24.64202261768825,0.9504299443601416,5808,1977
linear,global,1,Nongzhanguan,10.498041366414261,19.077141588509107,0.9593967920422841,0.19216535699240525,14.728793618959259,24.9339470321383,0.9482551143200962,5808,2493
linear,global,1,Shunyi,10.030752458519844,18.68326721920836,0.9548147948647197,0.1863298428243855,14.802977588704604,24.945077294951552,0.955114372032801,5808,2317
linear,global,1,Tiantan,10.500897140213937,18.147098120262214,0.9596107078913613,0.2069517598847655,13.725391185939191,21.844498533680852,0.9466395112016294,5808,2455
linear,global,1,Wanliu,10.013871529213981,18.25260522198998,0.956352589491762,0.19376666389917246,13.611153377288037,22.048040497959473,0.9467058329836341,5808,2383
linear,global,1,Wanshouxigong,11.04811509778677,22.548171687940783,0.9477811952413107,0.19440557878995093,15.07845522009808,25.527901293057692,0.9553571428571429,5808,2576
linear,global,6,Aotizhongxin,32.64563873556592,52.24966316022324,0.6587752223608041,0.7185960644773094,41.5526061101791,62.459295326354514,0.8319432860717264,5803,2398
linear,global,6,Changping,28.112669421992546,45.78167907984136,0.6524884457564661,0.7256971511196008,38.22661009970847,56.992833563981556,0.8378378378378378,5803,1998
linear,global,6,Dingling,28.554306715906602,45.22446193625204,0.6789508459213591,0.7016144807525284,38.94328048398195,56.166444999150336,0.8706673564407656,5803,1933
linear,global,6,Dongsi,36.23827477691298,58.482829301882944,0.641292583495372,0.7201165435792144,45.21246023156573,68.50884785825153,0.8784800601956358,5803,2658
linear,global,6,Guanyuan,33.49090399603258,53.082843296245564,0.6658129510898854,0.7137780096422794,41.839828067521445,61.6266213133285,0.8607743449354712,5803,2557
linear,global,6,Gucheng,34.45509093181236,56.75472016010099,0.6509590032583676,0.711070433979984,44.99657108909205,68.9592166572532,0.8169856459330144,5803,2508
linear,global,6,Huairou,27.549539344178875,43.2346522847545,0.6559584062307764,0.6505686519662762,37.90425248790041,55.38083189204485,0.8103186646433991,5803,1977
linear,global,6,Nongzhanguan,34.75164620391094,55.511646254553526,0.6563937615068708,0.6965793210566286,45.14606224883286,67.08643092183011,0.8539911752908143,5803,2493
linear,global,6,Shunyi,32.87344574718748,53.44437863182001,0.6305687497526176,0.6673104071759223,44.373848809136284,68.0755213948567,0.8508430609597925,5803,2313
linear,global,6,Tiantan,32.494327338095594,51.32721595140829,0.6770811781114117,0.7003965877966281,40.961827785080175,60.69702085769505,0.8443991853360489,5803,2455
linear,global,6,Wanliu,32.010653579109764,50.61427263376473,0.6645640174569578,0.6765372139923534,39.77926192481729,59.365296998686425,0.8405371380612673,5803,2383
linear,global,6,Wanshouxigong,35.02147562216628,56.861710687225106,0.6681207063343775,0.7268273743951834,44.21620414271858,67.32617146646945,0.8575310559006211,5803,2576
linear,multi,1,Aotizhongxin,9.50529998064698,16.876338139737044,0.9643793560516167,0.18381718845293576,13.3720294802859,22.127778283997706,0.9545454545454546,5808,2398
linear,multi,1,Changping,10.355476074639101,18.297452209026105,0.9444716475704927,0.23135174286211935,15.780526011317104,25.345828250277865,0.9379379379379379,5808,1998
linear,multi,1,Dingling,10.2417462088845,18.61414284937375,0.9455906657982556,0.23360814957170742,15.77379428174788,25.808198829378604,0.9498189342990171,5808,1933
linear,multi,1,Dongsi,10.646319138445474,19.858733313925196,0.9586155631685208,0.16995706566796018,14.913286991277253,24.32302489199674,0.9616252821670429,5808,2658
linear,multi,1,Guanyuan,10.36755541402118,18.587135448411328,0.9590027428513624,0.18878570853326587,14.135490814316398,22.94783356078915,0.9534610872115761,5808,2557
linear,multi,1,Gucheng,10.20223000029887,19.45047573683431,0.9589821536742906,0.18459177592099368,14.152563429715341,24.37680144870664,0.9517543859649122,5808,2508
linear,multi,1,Huairou,8.868456442494038,17.39578912718191,0.9442674988153523,0.19524264382793008,13.387677284823443,24.276398691875677,0.9504299443601416,5808,1977
linear,multi,1,Nongzhanguan,9.814731894774214,17.56278154734166,0.9655871738619826,0.17449330409200342,13.970904315469545,23.105794196427244,0.9534697152025672,5808,2493
linear,multi,1,Shunyi,9.937311188905364,17.882037758936608,0.9586072173861347,0.18202715593962418,15.05401047108551,23.986625098338642,0.9533880017263703,5808,2317
linear,multi,1,Tiantan,9.775780575991334,16.51150893872169,0.96656314710091,0.18740062330975568,13.089163124100011,20.15895304608588,0.9515274949083503,5808,2455
linear,multi,1,Wanliu,9.202584068308848,16.735859862471884,0.9633051748165503,0.17854559712935358,12.491730274195637,19.945584295006082,0.9601342845153168,5808,2383
linear,multi,1,Wanshouxigong,10.323780459805954,20.91298986096059,0.9550803343730515,0.1750829058891652,14.433217953450932,24.193519303582864,0.9580745341614907,5808,2576
linear,multi,6,Aotizhongxin,30.64802501309684,48.65377102205822,0.7041261498123141,0.6894428111566534,37.68458898829061,56.40456598717862,0.8707256046705588,5803,2398
linear,multi,6,Changping,26.825493265796524,43.563941924623336,0.6853410014110575,0.7266873753150499,34.44637578099339,51.18884496838597,0.8538538538538538,5803,1998
linear,multi,6,Dingling,28.61064250761325,46.673113060673494,0.6580534306941754,0.718733800205132,37.965492795183444,56.36332238875928,0.8639420589756854,5803,1933
linear,multi,6,Dongsi,34.29860899453736,54.7831121460395,0.6852418335618848,0.6513300669645441,44.03403270397086,65.12588930202706,0.872084273890143,5803,2658
linear,multi,6,Guanyuan,31.602677640597737,49.855581810264155,0.7052126529698645,0.6638916756914657,39.67144440317881,57.65363256647106,0.8682049276495893,5803,2557
linear,multi,6,Gucheng,31.658049052776025,53.384489407632024,0.6911819662474086,0.6651634791809277,40.582132964613336,63.663350910104946,0.8496810207336523,5803,2508
linear,multi,6,Huairou,25.73920789669654,39.660173840098274,0.7104948879663244,0.6241039461051123,34.18404375885735,49.44131688249368,0.8517956499747091,5803,1977
linear,multi,6,Nongzhanguan,32.568639775956065,51.97020723929842,0.6988369244564376,0.6421798719587863,42.51260932956027,63.420840198269765,0.8640192539109507,5803,2493
linear,multi,6,Shunyi,30.242292798265968,48.59319300584412,0.6945919785643324,0.5976757119083822,41.7792070044927,63.15305578251867,0.8555987894509295,5803,2313
linear,multi,6,Tiantan,30.943897554961932,48.876151200725886,0.7071859293315357,0.6441475819022396,40.154309531093375,59.09676616759935,0.8484725050916497,5803,2455
linear,multi,6,Wanliu,29.175026275198274,46.33670609426628,0.7188656165934357,0.6258684923300247,35.05416311599405,52.374417632659615,0.8745279060008393,5803,2383
linear,multi,6,Wanshouxigong,33.40399067109769,54.33434459314346,0.6969675200601515,0.6627481314296355,43.13393725371509,65.91901511943966,0.8614130434782609,5803,2576
lstm,global,1,Aotizhongxin,23.631081786694278,33.71655078537017,0.8578222592279097,0.4744901797029908,33.72760596605417,47.45935533106844,0.9666388657214345,5808,2398
lstm,global,1,Changping,21.120314900211724,30.121679603757137,0.8495154498790987,0.5202524624862118,30.895607502491504,44.7243825990726,0.9409409409409409,5808,1998
lstm,global,1,Dingling,22.232006771176973,30.957766338824936,0.8495034436471434,0.5345232194192637,32.59239789604586,46.23292551773417,0.9524055871702017,5808,1933
lstm,global,1,Dongsi,26.149757398389916,39.0769644627338,0.8397582784316526,0.45252587387326304,37.4557067391745,53.42160120124447,0.9721595184349134,5808,2658
lstm,global,1,Guanyuan,23.926912756990795,35.09428953656876,0.8538486658921348,0.44170178743565003,34.32263097065615,48.50286633489921,0.9648025029331248,5808,2557
lstm,global,1,Gucheng,25.629544321827325,39.193490301098414,0.8334516715492838,0.4559929639364054,37.75594711455812,55.60054357347054,0.9597288676236044,5808,2508
lstm,global,1,Huairou,20.727693223427806,28.91345829322767,0.8460355889400694,0.5135081774015798,29.38892028762285,42.203879798086774,0.9615579160343956,5808,1977
lstm,global,1,Nongzhanguan,24.418408021453985,35.526105795076006,0.8591914744115553,0.4458100501458176,35.07754859205139,49.81056440776573,0.9715202567188127,5808,2493
lstm,global,1,Shunyi,22.920676589997345,33.13044054120017,0.8579160477349981,0.466082161570627,31.599135922829962,46.717572472578,0.9680621493310315,5808,2317
lstm,global,1,Tiantan,23.64536112661861,33.988026928715094,0.8583215574889218,0.45260586239673184,33.5727979702765,47.242314635011454,0.9608961303462322,5808,2455
lstm,global,1,Wanliu,23.319027902666203,33.80593408139813,0.8502748894775396,0.45051204265632444,32.93482896434225,47.36061935247457,0.9634913973982375,5808,2383
lstm,global,1,Wanshouxigong,25.247970751166015,38.409696750017375,0.8484743981338729,0.44453860237584536,36.46369989318137,52.84582849445768,0.96777950310559,5808,2576
lstm,global,6,Aotizhongxin,52.52236903438933,74.04326626150572,0.3147568444101647,1.20312248631464,65.58593971118816,100.2367321714978,0.9007506255212677,5803,2398
lstm,global,6,Changping,47.87653877577781,64.11934906301117,0.3183459413688946,1.3908386659661574,56.084622137778034,87.58344252103174,0.9174174174174174,5803,1998
lstm,global,6,Dingling,49.391952526481035,65.21501361211531,0.33239452216158105,1.387643652375778,56.2124169572178,88.66224699884177,0.926021727884118,5803,1933
lstm,global,6,Dongsi,56.03723998450214,81.42580925473557,0.3046430922877399,1.1572049861810239,70.63571704465524,108.22540378824536,0.8999247554552295,5803,2658
lstm,global,6,Guanyuan,53.25005222315955,76.01580025039183,0.3146869454738437,1.1547873432324796,66.55667035934931,101.38328447911927,0.9022291748142355,5803,2557
lstm,global,6,Gucheng,51.86490950057697,78.30315233183727,0.33559795671275494,1.044069840614991,68.86117633107746,107.93213301358752,0.8736044657097288,5803,2508
lstm,global,6,Huairou,46.867675917324846,60.974678625420204,0.3157007723373306,1.3347726864190745,52.29401237360443,80.60110824486554,0.9347496206373292,5803,1977
lstm,global,6,Nongzhanguan,54.00500146910874,77.18885197953341,0.3356422740728604,1.1432048784257391,67.27446509497834,103.6300546507838,0.9217809867629362,5803,2493
lstm,global,6,Shunyi,51.183291264162094,71.71461125647568,0.334811300584952,1.1478447642656797,63.805321112474836,98.02815788056127,0.8880242109814094,5803,2313
lstm,global,6,Tiantan,52.899465119491545,75.09530650484915,0.30876848373334,1.1867283961907766,65.54315197511507,101.1035345218112,0.9022403258655805,5803,2455
lstm,global,6,Wanliu,51.275109892731265,71.29935388423355,0.33436701288656745,1.1299479904842487,62.40489970442131,95.60834750738567,0.8980276961812841,5803,2383
lstm,global,6,Wanshouxigong,54.44106877517766,81.04887483357031,0.32572928977669546,1.1382471279458226,68.93539151197635,109.47866515985736,0.9277950310559007,5803,2576
lstm,multi,1,Aotizhongxin,20.735607559687505,30.525637979086476,0.8834600497993776,0.4487100206473883,27.277306194798562,42.149856300815856,0.9366138448707256,5808,2398
lstm,multi,1,Changping,18.929701365058417,27.542658338425362,0.8741812823849561,0.5064977183547108,24.49936226777009,39.52602038544127,0.9324324324324325,5808,1998
lstm,multi,1,Dingling,20.07605895194797,29.012976179948275,0.8678181306433624,0.5094620748525364,26.710923014807072,42.296664918491416,0.9384376616658044,5808,1933
lstm,multi,1,Dongsi,22.50945933134431,34.82691050217049,0.8727189169662621,0.41889404489958754,30.411872601132362,46.831181375793705,0.936418359668924,5808,2658
lstm,multi,1,Guanyuan,20.928284135403384,31.21417445070206,0.8843798360277783,0.42348059499289986,27.58255357111997,41.96394576017143,0.9342980054751662,5808,2557
lstm,multi,1,Gucheng,21.252610886392514,33.932998891227456,0.8751591022184012,0.41083840842337177,28.78656470680541,47.19683307484324,0.9354066985645934,5808,2508
lstm,multi,1,Huairou,18.359629523984,25.969048684403756,0.8757969255984397,0.49629773419473433,22.10132409010382,35.91447436879756,0.9317147192716236,5808,1977
lstm,multi,1,Nongzhanguan,21.274012764623343,31.86581547645304,0.8867120246243905,0.4196225953095052,28.325717486868506,43.87567466523273,0.9354191736863217,5808,2493
lstm,multi,1,Shunyi,20.3599942722268,30.14367359500907,0.8823795153872263,0.4407249047182227,26.046622113724645,41.56909090187507,0.9387138541217092,5808,2317
lstm,multi,1,Tiantan,20.534984815219218,30.812349645627716,0.8835601864295524,0.4308898250404403,26.691297558320272,42.03078556641916,0.9279022403258655,5808,2455
lstm,multi,1,Wanliu,19.41503086037544,28.601162552490997,0.8928292834872842,0.41800343927356176,23.999606918098042,38.2762240361062,0.9479647503147294,5808,2383
lstm,multi,1,Wanshouxigong,21.9374570032125,34.891170587217474,0.8749639224258097,0.41921837361435704,29.815223668673024,47.47648056029351,0.9277950310559007,5808,2576
lstm,multi,6,Aotizhongxin,30.915762391025478,50.66509581974114,0.6791579326259094,0.6382559444613185,41.20520418817745,60.603775940805164,0.8515429524603837,5803,2398
lstm,multi,6,Changping,25.715699950025428,44.7001648280703,0.6687132514529783,0.6581882686583094,35.838502780811204,53.53326386658917,0.8308308308308309,5803,1998
lstm,multi,6,Dingling,26.89458977796077,47.812540150853856,0.6411538035257749,0.6253247383362309,38.74776435256066,58.612084128857404,0.8323848939472323,5803,1933
lstm,multi,6,Dongsi,33.81476038463276,55.35222829127037,0.6786681134218712,0.611870951983847,45.01311447424849,65.21256534176179,0.8393528969149736,5803,2658
lstm,multi,6,Guanyuan,31.65696299143871,51.27769317743769,0.6881554059039995,0.6222388491929541,41.89916542539571,60.02275391345517,0.8463042628079781,5803,2557
lstm,multi,6,Gucheng,31.26918985004284,54.27602055669554,0.6807811979609836,0.6164873168612099,43.035209704434095,64.71380455657155,0.8293460925039873,5803,2508
lstm,multi,6,Huairou,24.282850833138824,39.2502972766268,0.7164478722007289,0.532770719919222,35.936714411626035,50.757514582440706,0.8285280728376327,5803,1977
lstm,multi,6,Nongzhanguan,31.988223742271895,52.29195633108351,0.6950963621873758,0.5922360472738307,43.694556083633294,64.26667194631627,0.8435619735258725,5803,2493
lstm,multi,6,Shunyi,29.755029979747224,49.36148084117742,0.684858262239634,0.565542976886846,43.15494105252053,64.91741490553638,0.8404669260700389,5803,2313
lstm,multi,6,Tiantan,30.43837425393646,49.49582507801623,0.6997140039209071,0.6070741354853578,40.99838662390311,60.26442883813012,0.8329938900203666,5803,2455
lstm,multi,6,Wanliu,31.60634260294295,50.590184011165626,0.6648832265489744,0.6298201919558416,41.63275819299004,60.32575229430622,0.8665547629039027,5803,2383
lstm,multi,6,Wanshouxigong,32.80400702190383,54.943127056851154,0.6901388978458951,0.6142848058830441,44.901569597469354,66.44941351553818,0.8357919254658385,5803,2576
persistence,global,1,Aotizhongxin,10.676653017354077,20.16190507229902,0.94915965831163,0.18872541341932572,16.104253533485036,26.881446709442972,0.9353628023352794,5808,2398
persistence,global,1,Changping,10.079889931297828,19.283239479340114,0.9383272187192563,0.2065706565588541,16.359859936230176,27.134236120456272,0.9209209209209209,5808,1998
persistence,global,1,Dingling,8.400482297272065,17.63511416773313,0.951163573510632,0.18815337668906992,13.183135052881768,24.485930488504934,0.9368856699430936,5808,1933
persistence,global,1,Dongsi,11.172520796457926,22.729068394151323,0.9457877748571258,0.16962049679325739,16.18999254443396,28.132620394939853,0.9477050413844996,5808,2658
persistence,global,1,Guanyuan,11.207128251551268,21.462565443860832,0.9453370407205588,0.19158715688831354,15.975361840073187,26.947790972614094,0.9421196714900274,5808,2557
persistence,global,1,Gucheng,10.676054660282187,21.9048153682626,0.9479774553954051,0.18173586624284788,15.611054478269635,27.295900336029497,0.9401913875598086,5808,2508
persistence,global,1,Huairou,8.5547523288359,18.752750210163914,0.9352335336670725,0.17274888920605216,14.174001017422404,26.023237750182275,0.9372787051087507,5808,1977
persistence,global,1,Nongzhanguan,10.852969930848472,20.755928458714457,0.9519362035611904,0.18604298470744918,16.03210922804311,27.01437065010319,0.9398315282791817,5808,2493
persistence,global,1,Shunyi,10.692067043183592,21.002269832438856,0.9429017135160636,0.1840017557737039,17.053312104891535,28.444243059300735,0.9343979283556323,5808,2317
persistence,global,1,Tiantan,10.847370059693812,19.945611326314637,0.9512082303212639,0.19920268372227715,15.094307220831908,24.41136397047171,0.9311608961303462,5808,2455
persistence,global,1,Wanliu,9.984332196968646,19.708826745558916,0.9491102514175618,0.18292199390861083,14.586235875599133,24.23294949353886,0.9391523289970626,5808,2383
persistence,global,1,Wanshouxigong,11.405393498659791,24.316989539254543,0.9392671198983202,0.18718786187675546,16.229240906164513,27.709528446307953,0.9375,5808,2576
persistence,global,6,Aotizhongxin,35.11028816937044,59.9341291769777,0.5510251970481208,0.6770122554124458,49.4749793974532,72.41450967029233,0.7706422018348624,5803,2398
persistence,global,6,Changping,28.116491736162743,50.09651591702001,0.5838969864758397,0.6495703115589336,42.32732754880124,60.79613642497855,0.7702702702702703,5803,1998
persistence,global,6,Dingling,25.521971724104432,47.05250257400782,0.6524717069631816,0.5900226632773382,38.17640990539961,57.44450543766678,0.7858251422659079,5803,1933
persistence,global,6,Dongsi,38.57694340951891,67.00431524157254,0.5291428682841901,0.67867359394804,52.04025623617179,79.01566028469476,0.7979683972911964,5803,2658
persistence,global,6,Guanyuan,35.7044635347389,60.57295707048708,0.5648501757398632,0.6788265265106047,48.30308975500197,70.47757963091898,0.7895971842002346,5803,2557
persistence,global,6,Gucheng,35.992426500677055,63.317838823139745,0.5655651738,0.7178248216972117,49.218919267304585,74.45791552766842,0.7862838915470495,5803,2508
persistence,global,6,Huairou,27.085818089391985,48.179852223342166,0.572754067258976,0.5555599518583944,43.040465538707956,62.24430577066472,0.7728882144663631,5803,1977
persistence,global,6,Nongzhanguan,37.909365982510565,64.4764823290228,0.5364511614916887,0.6782604102647614,53.62537061015717,78.38266040923017,0.7785800240673887,5803,2493
persistence,global,6,Shunyi,37.79330129654638,64.54548802793886,0.461158119480907,0.6642978912244901,57.96953102174488,84.08099183026853,0.743623000432339,5803,2313
persistence,global,6,Tiantan,34.70102547161254,57.907887764487086,0.5889701232317965,0.6766518884625374,47.59350267087855,68.66597879549909,0.7621181262729124,5803,2455
persistence,global,6,Wanliu,32.8147514017208,56.68081855901253,0.57933548887581,0.6242033747158909,45.3680237399096,66.5707341996588,0.7767519932857743,5803,2383
persistence,global,6,Wanshouxigong,38.158982486123364,65.06318417928703,0.5654788282765322,0.7232813060136678,51.935005392347065,76.31245901542736,0.7732919254658385,5803,2576
persistence,multi,1,Aotizhongxin,10.676653017354077,20.16190507229902,0.94915965831163,0.18872541341932572,16.104253533485036,26.881446709442972,0.9353628023352794,5808,2398
persistence,multi,1,Changping,10.079889931297828,19.283239479340114,0.9383272187192563,0.2065706565588541,16.359859936230176,27.134236120456272,0.9209209209209209,5808,1998
persistence,multi,1,Dingling,8.400482297272065,17.63511416773313,0.951163573510632,0.18815337668906992,13.183135052881768,24.485930488504934,0.9368856699430936,5808,1933
persistence,multi,1,Dongsi,11.172520796457926,22.729068394151323,0.9457877748571258,0.16962049679325739,16.18999254443396,28.132620394939853,0.9477050413844996,5808,2658
persistence,multi,1,Guanyuan,11.207128251551268,21.462565443860832,0.9453370407205588,0.19158715688831354,15.975361840073187,26.947790972614094,0.9421196714900274,5808,2557
persistence,multi,1,Gucheng,10.676054660282187,21.9048153682626,0.9479774553954051,0.18173586624284788,15.611054478269635,27.295900336029497,0.9401913875598086,5808,2508
persistence,multi,1,Huairou,8.5547523288359,18.752750210163914,0.9352335336670725,0.17274888920605216,14.174001017422404,26.023237750182275,0.9372787051087507,5808,1977
persistence,multi,1,Nongzhanguan,10.852969930848472,20.755928458714457,0.9519362035611904,0.18604298470744918,16.03210922804311,27.01437065010319,0.9398315282791817,5808,2493
persistence,multi,1,Shunyi,10.692067043183592,21.002269832438856,0.9429017135160636,0.1840017557737039,17.053312104891535,28.444243059300735,0.9343979283556323,5808,2317
persistence,multi,1,Tiantan,10.847370059693812,19.945611326314637,0.9512082303212639,0.19920268372227715,15.094307220831908,24.41136397047171,0.9311608961303462,5808,2455
persistence,multi,1,Wanliu,9.984332196968646,19.708826745558916,0.9491102514175618,0.18292199390861083,14.586235875599133,24.23294949353886,0.9391523289970626,5808,2383
persistence,multi,1,Wanshouxigong,11.405393498659791,24.316989539254543,0.9392671198983202,0.18718786187675546,16.229240906164513,27.709528446307953,0.9375,5808,2576
persistence,multi,6,Aotizhongxin,35.11028816937044,59.9341291769777,0.5510251970481208,0.6770122554124458,49.4749793974532,72.41450967029233,0.7706422018348624,5803,2398
persistence,multi,6,Changping,28.116491736162743,50.09651591702001,0.5838969864758397,0.6495703115589336,42.32732754880124,60.79613642497855,0.7702702702702703,5803,1998
persistence,multi,6,Dingling,25.521971724104432,47.05250257400782,0.6524717069631816,0.5900226632773382,38.17640990539961,57.44450543766678,0.7858251422659079,5803,1933
persistence,multi,6,Dongsi,38.57694340951891,67.00431524157254,0.5291428682841901,0.67867359394804,52.04025623617179,79.01566028469476,0.7979683972911964,5803,2658
persistence,multi,6,Guanyuan,35.7044635347389,60.57295707048708,0.5648501757398632,0.6788265265106047,48.30308975500197,70.47757963091898,0.7895971842002346,5803,2557
persistence,multi,6,Gucheng,35.992426500677055,63.317838823139745,0.5655651738,0.7178248216972117,49.218919267304585,74.45791552766842,0.7862838915470495,5803,2508
persistence,multi,6,Huairou,27.085818089391985,48.179852223342166,0.572754067258976,0.5555599518583944,43.040465538707956,62.24430577066472,0.7728882144663631,5803,1977
persistence,multi,6,Nongzhanguan,37.909365982510565,64.4764823290228,0.5364511614916887,0.6782604102647614,53.62537061015717,78.38266040923017,0.7785800240673887,5803,2493
persistence,multi,6,Shunyi,37.79330129654638,64.54548802793886,0.461158119480907,0.6642978912244901,57.96953102174488,84.08099183026853,0.743623000432339,5803,2313
persistence,multi,6,Tiantan,34.70102547161254,57.907887764487086,0.5889701232317965,0.6766518884625374,47.59350267087855,68.66597879549909,0.7621181262729124,5803,2455
persistence,multi,6,Wanliu,32.8147514017208,56.68081855901253,0.57933548887581,0.6242033747158909,45.3680237399096,66.5707341996588,0.7767519932857743,5803,2383
persistence,multi,6,Wanshouxigong,38.158982486123364,65.06318417928703,0.5654788282765322,0.7232813060136678,51.935005392347065,76.31245901542736,0.7732919254658385,5803,2576
transformer,global,1,Aotizhongxin,9.807283720694297,18.72468852597417,0.9561495016038237,0.16491180889483265,15.170987594515408,25.987505802234804,0.9428690575479566,5808,2398
transformer,global,1,Changping,9.354602390084384,17.65960533031933,0.9482755916553545,0.17734866892528953,15.887198508322776,26.116445386625685,0.9314314314314315,5808,1998
transformer,global,1,Dingling,8.800280952584973,17.912638361065717,0.9496143990678184,0.1834389560885618,15.111982514311844,27.000535832947765,0.9389549922400414,5808,1933
transformer,global,1,Dongsi,11.028354007022111,21.87574764007434,0.9497819584496044,0.1595911588377876,16.324191048236788,27.279577905314035,0.9541008276899925,5808,2658
transformer,global,1,Guanyuan,10.723248117883015,20.22048404737274,0.951480873908374,0.17020407191662015,15.996154670282692,26.601254449007456,0.9440750879937426,5808,2557
transformer,global,1,Gucheng,10.337020804402584,20.45068865036442,0.9546551185151887,0.16840815115126756,15.779657461236349,27.32123776762155,0.9346092503987241,5808,2508
transformer,global,1,Huairou,7.942273296928931,16.885499286160254,0.9474892672577855,0.15612486992378485,13.543741935301624,25.033544487596625,0.9413252402630248,5808,1977
transformer,global,1,Nongzhanguan,10.06537854113198,19.531813272540717,0.9574383095431911,0.15697029134625803,15.645116396711574,27.2603498685779,0.9446450060168472,5808,2493
transformer,global,1,Shunyi,9.628524873539108,18.71373447498112,0.9546673054915047,0.16103378656862924,15.66123416622394,26.024196040632333,0.9503668536901165,5808,2317
transformer,global,1,Tiantan,10.212618025209622,18.992985179974486,0.9557576359196178,0.17139648041550723,15.03073457457626,24.97818522255042,0.9372708757637475,5808,2455
transformer,global,1,Wanliu,9.525903238081078,18.33483529197189,0.955958430488575,0.1626116403570272,14.534870853656187,23.70269017773996,0.9437683592110785,5808,2383
transformer,global,1,Wanshouxigong,10.689161750567518,22.473105542763573,0.9481283044911116,0.16430204246543054,15.893632161691322,27.074348863120658,0.9495341614906833,5808,2576
transformer,global,6,Aotizhongxin,30.910347311574387,52.815155394222394,0.6513491781697951,0.5861003023246327,45.353285581892585,65.52639922069979,0.755629691409508,5803,2398
transformer,global,6,Changping,26.33598772082147,47.083139116692394,0.6324498231925262,0.5905428236837684,41.52984025934198,61.33311462415709,0.7832832832832833,5803,1998
transformer,global,6,Dingling,26.93082965178344,47.6665657575787,0.6433416141919615,0.5777197778442648,43.525066827654655,63.37807038664665,0.7946197620279358,5803,1933
transformer,global,6,Dongsi,34.904651268461585,59.26208084341159,0.6316697400792939,0.5809062802778656,49.99064649003533,73.98226996399966,0.7885628291948834,5803,2658
transformer,global,6,Guanyuan,32.46951606851723,54.84740814120942,0.6432257679874499,0.6041715105305148,45.717664555268776,65.58556169503531,0.7684786859601095,5803,2557
transformer,global,6,Gucheng,33.664729360093666,57.942407275903946,0.6361976200984245,0.6073608279585659,50.12878354694664,73.49484715831875,0.7236842105263158,5803,2508
transformer,global,6,Huairou,24.54212039235582,42.906809936086354,0.661156262924246,0.48085714400129076,40.4090593190403,57.579431322068906,0.7850278199291857,5803,1977
transformer,global,6,Nongzhanguan,32.62517397464934,55.43565264189615,0.6573338887776152,0.5338366325586416,49.725441121309096,71.44180903705009,0.734857601283594,5803,2493
transformer,global,6,Shunyi,30.847988927362294,53.106330030010135,0.6352274530488635,0.5146863413227801,50.19477954572586,73.31499196822364,0.753134457414613,5803,2313
transformer,global,6,Tiantan,30.5940844423911,52.45901545281226,0.662683011869309,0.5701114827662115,43.86461411765539,65.44996492986874,0.7947046843177189,5803,2455
transformer,global,6,Wanliu,30.03704144604223,51.656584109867595,0.6506063431089575,0.5735546645123022,41.51800099771862,62.51434109222023,0.809483843894251,5803,2383
transformer,global,6,Wanshouxigong,33.64102062742689,57.9982944739146,0.6547205272487007,0.5949052681010372,48.475233642210874,72.5588857880224,0.7744565217391305,5803,2576
transformer,multi,1,Aotizhongxin,9.11404986683659,16.586230905267637,0.9655934804003005,0.15605853856536595,13.80324853192378,22.594982008867117,0.9549624687239366,5808,2398
transformer,multi,1,Changping,9.237735262258651,17.480842365986497,0.9493174732899335,0.1754205251159005,15.501281913932976,25.9512885982887,0.9444444444444444,5808,1998
transformer,multi,1,Dingling,9.231237370777393,18.918864562060268,0.9437946750638739,0.17953639768139878,16.482222267462685,28.87137392418984,0.9399896533885153,5808,1933
transformer,multi,1,Dongsi,10.556642917890523,20.470779082962878,0.9560253182307571,0.1508682208500911,15.705782527937936,25.465881856650793,0.9559819413092551,5808,2658
transformer,multi,1,Guanyuan,10.258243760458365,19.062911108540103,0.9568770641917035,0.1597617478544076,15.34368716714715,25.04094562367958,0.9515056707078607,5808,2557
transformer,multi,1,Gucheng,9.808205046929604,19.579275135726835,0.9584371216600709,0.15819838001271064,14.672381359994697,25.732524880678,0.9529505582137161,5808,2508
transformer,multi,1,Huairou,7.7172501606061115,16.704641988701084,0.9486081076383603,0.15293857351579015,12.767130130580657,23.99029877616452,0.9494183105715731,5808,1977
transformer,multi,1,Nongzhanguan,9.437126859817294,17.365379971670166,0.9663564107160001,0.14975605256860083,14.329014112133603,23.990481162584974,0.9622944243882872,5808,2493
transformer,multi,1,Shunyi,9.130180783179837,17.198924452513886,0.9617093106409659,0.15300980795860883,14.741094725060988,23.89141989073644,0.9572723349158394,5808,2317
transformer,multi,1,Tiantan,9.460822390459128,16.71661523966681,0.9657272810361813,0.16160620614240534,13.664915183508226,21.911156600520503,0.94989816700611,5808,2455
transformer,multi,1,Wanliu,8.866935527029117,16.958176619636124,0.9623238020489184,0.15212336559114112,13.242716074890316,21.732356868116877,0.9643306756189677,5808,2383
transformer,multi,1,Wanshouxigong,10.07580604894759,20.780842908793613,0.9556462259532296,0.15157523953858307,15.160621940719414,25.619885137846243,0.9557453416149069,5808,2576
transformer,multi,6,Aotizhongxin,30.7054979573154,51.568953276742576,0.6676082758957421,0.6197514849756037,41.76719887282473,61.81619030400449,0.853628023352794,5803,2398
transformer,multi,6,Changping,26.169513522274183,46.87484615981359,0.6356946692386036,0.6237719898200103,39.258726583944785,58.012689718537516,0.8353353353353353,5803,1998
transformer,multi,6,Dingling,26.540147788931783,48.70720689454016,0.6275987204942348,0.5951457163057264,40.24550397569999,60.15643282828711,0.8525607863424728,5803,1933
transformer,multi,6,Dongsi,33.32064556060691,56.22357479364054,0.6684717684622382,0.5628727994828332,46.63853847540977,68.1341988491156,0.8167795334838224,5803,2658
transformer,multi,6,Guanyuan,31.62382513503463,52.62025601822641,0.6716120787220701,0.5947612404027404,43.074547835891956,62.27866530924652,0.8549080954243253,5803,2557
transformer,multi,6,Gucheng,31.765154475531414,56.01485558042971,0.6600000070172383,0.6179838406818736,43.98539450065941,66.28728041568664,0.8333333333333334,5803,2508
transformer,multi,6,Huairou,24.03059808315952,41.03069659419884,0.6901405181687225,0.49072253976677205,38.33834563329115,54.61937209913256,0.821446636317653,5803,1977
transformer,multi,6,Nongzhanguan,31.68874864119734,53.48436045907306,0.6810324956094143,0.578339832391294,44.08298586383671,65.02149519096837,0.8359406337745688,5803,2493
transformer,multi,6,Shunyi,29.17732992966011,49.897135954945284,0.6779815153505471,0.5100222377112049,45.31944959502791,67.09662862923359,0.8093385214007782,5803,2313
transformer,multi,6,Tiantan,30.058434905295904,50.984372907615175,0.681380679704011,0.5518780997775719,43.23677853120078,63.41774102684729,0.8036659877800407,5803,2455
transformer,multi,6,Wanliu,29.858086647955318,50.06818456020959,0.6717631496062113,0.5548116377675799,41.5538219399078,59.55439019405122,0.8514477549307595,5803,2383
transformer,multi,6,Wanshouxigong,33.04404050638691,56.94139474649467,0.6671898859672203,0.5833407520218874,47.03049185261223,70.06178285962427,0.7989130434782609,5803,2576
